Date,EmployeeID,TasksCompleted
2025-05-01,E001,11
2025-05-01,E002,10
2025-05-01,E003,6
2025-05-01,E004,9
2025-05-01,E005,10
2025-05-01,E006,11
2025-05-01,E007,13
2025-05-01,E008,9
2025-05-01,E009,4
2025-05-01,E010,10
2025-05-01,E011,8
2025-05-01,E012,5
2025-05-01,E013,10
2025-05-01,E014,12
2025-05-01,E015,10
2025-05-01,E016,8
2025-05-01,E017,4
2025-05-01,E018,6
2025-05-01,E019,7
2025-05-01,E020,5
2025-05-02,E001,12
2025-05-02,E002,16
2025-05-02,E003,10
2025-05-02,E004,14
2025-05-02,E005,13
2025-05-02,E006,13
2025-05-02,E007,15
2025-05-02,E008,13
2025-05-02,E009,11
2025-05-02,E010,12
2025-05-02,E011,4
2025-05-02,E012,8
2025-05-02,E013,13
2025-05-02,E014,10
2025-05-02,E015,12
2025-05-02,E016,11
2025-05-02,E017,12
2025-05-02,E018,10
2025-05-02,E019,12
2025-05-02,E020,9
2025-05-03,E001,11
2025-05-03,E002,12
2025-05-03,E003,9
2025-05-03,E004,7
2025-05-03,E005,11
2025-05-03,E006,6
2025-05-03,E007,15
2025-05-03,E008,7
2025-05-03,E009,10
2025-05-03,E010,14
2025-05-03,E011,10
2025-05-03,E012,11
2025-05-03,E013,7
2025-05-03,E014,8
2025-05-03,E015,9
2025-05-03,E016,4
2025-05-03,E017,10
2025-05-03,E018,13
2025-05-03,E019,7
2025-05-03,E020,12
2025-05-04,E001,6
2025-05-04,E002,12
2025-05-04,E003,10
2025-05-04,E004,13
2025-05-04,E005,14
2025-05-04,E006,5
2025-05-04,E007,16
2025-05-04,E008,6
2025-05-04,E009,16
2025-05-04,E010,10
2025-05-04,E011,18
2025-05-04,E012,17
2025-05-04,E013,14
2025-05-04,E014,10
2025-05-04,E015,12
2025-05-04,E016,12
2025-05-04,E017,5
2025-05-04,E018,9
2025-05-04,E019,12
2025-05-04,E020,11
2025-05-05,E001,16
2025-05-05,E002,12
2025-05-05,E003,12
2025-05-05,E004,11
2025-05-05,E005,9
2025-05-05,E006,13
2025-05-05,E007,9
2025-05-05,E008,9
2025-05-05,E009,6
2025-05-05,E010,9
2025-05-05,E011,12
2025-05-05,E012,9
2025-05-05,E013,9
2025-05-05,E014,12
2025-05-05,E015,10
2025-05-05,E016,14
2025-05-05,E017,10
2025-05-05,E018,8
2025-05-05,E019,9
2025-05-05,E020,10
2025-05-06,E001,15
2025-05-06,E002,16
2025-05-06,E003,16
2025-05-06,E004,5
2025-05-06,E005,7
2025-05-06,E006,8
2025-05-06,E007,10
2025-05-06,E008,11
2025-05-06,E009,8
2025-05-06,E010,6
2025-05-06,E011,12
2025-05-06,E012,10
2025-05-06,E013,5
2025-05-06,E014,10
2025-05-06,E015,10
2025-05-06,E016,11
2025-05-06,E017,14
2025-05-06,E018,7
2025-05-06,E019,9
2025-05-06,E020,15
2025-05-07,E001,7
2025-05-07,E002,8
2025-05-07,E003,9
2025-05-07,E004,5
2025-05-07,E005,9
2025-05-07,E006,14
2025-05-07,E007,5
2025-05-07,E008,11
2025-05-07,E009,10
2025-05-07,E010,9
2025-05-07,E011,6
2025-05-07,E012,9
2025-05-07,E013,12
2025-05-07,E014,11
2025-05-07,E015,4
2025-05-07,E016,15
2025-05-07,E017,8
2025-05-07,E018,9
2025-05-07,E019,10
2025-05-07,E020,13
2025-05-08,E001,10
2025-05-08,E002,11
2025-05-08,E003,8
2025-05-08,E004,12
2025-05-08,E005,12
2025-05-08,E006,4
2025-05-08,E007,18
2025-05-08,E008,12
2025-05-08,E009,10
2025-05-08,E010,9
2025-05-08,E011,8
2025-05-08,E012,7
2025-05-08,E013,16
2025-05-08,E014,14
2025-05-08,E015,11
2025-05-08,E016,13
2025-05-08,E017,13
2025-05-08,E018,12
2025-05-08,E019,8
2025-05-08,E020,9
2025-05-09,E001,16
2025-05-09,E002,8
2025-05-09,E003,9
2025-05-09,E004,14
2025-05-09,E005,16
2025-05-09,E006,13
2025-05-09,E007,8
2025-05-09,E008,9
2025-05-09,E009,12
2025-05-09,E010,13
2025-05-09,E011,10
2025-05-09,E012,13
2025-05-09,E013,10
2025-05-09,E014,6
2025-05-09,E015,4
2025-05-09,E016,9
2025-05-09,E017,10
2025-05-09,E018,5
2025-05-09,E019,7
2025-05-09,E020,11
2025-05-10,E001,10
2025-05-10,E002,7
2025-05-10,E003,6
2025-05-10,E004,5
2025-05-10,E005,4
2025-05-10,E006,11
2025-05-10,E007,11
2025-05-10,E008,9
2025-05-10,E009,14
2025-05-10,E010,7
2025-05-10,E011,9
2025-05-10,E012,12
2025-05-10,E013,10
2025-05-10,E014,7
2025-05-10,E015,6
2025-05-10,E016,7
2025-05-10,E017,10
2025-05-10,E018,10
2025-05-10,E019,14
2025-05-10,E020,10
2025-05-11,E001,8
2025-05-11,E002,10
2025-05-11,E003,9
2025-05-11,E004,17
2025-05-11,E005,8
2025-05-11,E006,9
2025-05-11,E007,14
2025-05-11,E008,15
2025-05-11,E009,11
2025-05-11,E010,11
2025-05-11,E011,10
2025-05-11,E012,12
2025-05-11,E013,12
2025-05-11,E014,5
2025-05-11,E015,4
2025-05-11,E016,12
2025-05-11,E017,8
2025-05-11,E018,13
2025-05-11,E019,7
2025-05-11,E020,5
2025-05-12,E001,13
2025-05-12,E002,19
2025-05-12,E003,13
2025-05-12,E004,9
2025-05-12,E005,6
2025-05-12,E006,13
2025-05-12,E007,10
2025-05-12,E008,11
2025-05-12,E009,12
2025-05-12,E010,11
2025-05-12,E011,7
2025-05-12,E012,9
2025-05-12,E013,7
2025-05-12,E014,7
2025-05-12,E015,11
2025-05-12,E016,7
2025-05-12,E017,10
2025-05-12,E018,12
2025-05-12,E019,11
2025-05-12,E020,16
2025-05-13,E001,6
2025-05-13,E002,7
2025-05-13,E003,10
2025-05-13,E004,10
2025-05-13,E005,11
2025-05-13,E006,14
2025-05-13,E007,13
2025-05-13,E008,10
2025-05-13,E009,7
2025-05-13,E010,9
2025-05-13,E011,7
2025-05-13,E012,12
2025-05-13,E013,7
2025-05-13,E014,13
2025-05-13,E015,9
2025-05-13,E016,6
2025-05-13,E017,9
2025-05-13,E018,11
2025-05-13,E019,9
2025-05-13,E020,9
2025-05-14,E001,5
2025-05-14,E002,10
2025-05-14,E003,4
2025-05-14,E004,11
2025-05-14,E005,11
2025-05-14,E006,13
2025-05-14,E007,13
2025-05-14,E008,4
2025-05-14,E009,8
2025-05-14,E010,10
2025-05-14,E011,6
2025-05-14,E012,9
2025-05-14,E013,7
2025-05-14,E014,16
2025-05-14,E015,9
2025-05-14,E016,13
2025-05-14,E017,9
2025-05-14,E018,9
2025-05-14,E019,11
2025-05-14,E020,9
2025-05-15,E001,14
2025-05-15,E002,10
2025-05-15,E003,16
2025-05-15,E004,9
2025-05-15,E005,14
2025-05-15,E006,13
2025-05-15,E007,10
2025-05-15,E008,10
2025-05-15,E009,12
2025-05-15,E010,6
2025-05-15,E011,6
2025-05-15,E012,4
2025-05-15,E013,8
2025-05-15,E014,7
2025-05-15,E015,13
2025-05-15,E016,13
2025-05-15,E017,10
2025-05-15,E018,6
2025-05-15,E019,9
2025-05-15,E020,15
2025-05-16,E001,7
2025-05-16,E002,11
2025-05-16,E003,11
2025-05-16,E004,8
2025-05-16,E005,6
2025-05-16,E006,11
2025-05-16,E007,12
2025-05-16,E008,12
2025-05-16,E009,5
2025-05-16,E010,10
2025-05-16,E011,12
2025-05-16,E012,9
2025-05-16,E013,10
2025-05-16,E014,10
2025-05-16,E015,10
2025-05-16,E016,13
2025-05-16,E017,7
2025-05-16,E018,8
2025-05-16,E019,10
2025-05-16,E020,14
2025-05-17,E001,13
2025-05-17,E002,4
2025-05-17,E003,15
2025-05-17,E004,10
2025-05-17,E005,11
2025-05-17,E006,9
2025-05-17,E007,18
2025-05-17,E008,10
2025-05-17,E009,13
2025-05-17,E010,11
2025-05-17,E011,9
2025-05-17,E012,10
2025-05-17,E013,8
2025-05-17,E014,15
2025-05-17,E015,7
2025-05-17,E016,6
2025-05-17,E017,11
2025-05-17,E018,14
2025-05-17,E019,12
2025-05-17,E020,9
2025-05-18,E001,10
2025-05-18,E002,15
2025-05-18,E003,12
2025-05-18,E004,10
2025-05-18,E005,8
2025-05-18,E006,13
2025-05-18,E007,9
2025-05-18,E008,13
2025-05-18,E009,13
2025-05-18,E010,7
2025-05-18,E011,8
2025-05-18,E012,12
2025-05-18,E013,11
2025-05-18,E014,14
2025-05-18,E015,6
2025-05-18,E016,8
2025-05-18,E017,4
2025-05-18,E018,14
2025-05-18,E019,14
2025-05-18,E020,11
2025-05-19,E001,10
2025-05-19,E002,7
2025-05-19,E003,8
2025-05-19,E004,12
2025-05-19,E005,15
2025-05-19,E006,11
2025-05-19,E007,9
2025-05-19,E008,14
2025-05-19,E009,5
2025-05-19,E010,15
2025-05-19,E011,14
2025-05-19,E012,15
2025-05-19,E013,13
2025-05-19,E014,8
2025-05-19,E015,8
2025-05-19,E016,10
2025-05-19,E017,7
2025-05-19,E018,10
2025-05-19,E019,11
2025-05-19,E020,8
2025-05-20,E001,7
2025-05-20,E002,7
2025-05-20,E003,10
2025-05-20,E004,5
2025-05-20,E005,15
2025-05-20,E006,11
2025-05-20,E007,9
2025-05-20,E008,9
2025-05-20,E009,9
2025-05-20,E010,11
2025-05-20,E011,12
2025-05-20,E012,10
2025-05-20,E013,9
2025-05-20,E014,11
2025-05-20,E015,10
2025-05-20,E016,4
2025-05-20,E017,9
2025-05-20,E018,3
2025-05-20,E019,8
2025-05-20,E020,7
2025-05-21,E001,8
2025-05-21,E002,10
2025-05-21,E003,2
2025-05-21,E004,8
2025-05-21,E005,11
2025-05-21,E006,9
2025-05-21,E007,11
2025-05-21,E008,8
2025-05-21,E009,14
2025-05-21,E010,6
2025-05-21,E011,9
2025-05-21,E012,9
2025-05-21,E013,12
2025-05-21,E014,8
2025-05-21,E015,17
2025-05-21,E016,3
2025-05-21,E017,4
2025-05-21,E018,12
2025-05-21,E019,9
2025-05-21,E020,9
2025-05-22,E001,9
2025-05-22,E002,4
2025-05-22,E003,12
2025-05-22,E004,9
2025-05-22,E005,15
2025-05-22,E006,14
2025-05-22,E007,6
2025-05-22,E008,4
2025-05-22,E009,6
2025-05-22,E010,9
2025-05-22,E011,10
2025-05-22,E012,2
2025-05-22,E013,10
2025-05-22,E014,12
2025-05-22,E015,9
2025-05-22,E016,8
2025-05-22,E017,13
2025-05-22,E018,9
2025-05-22,E019,11
2025-05-22,E020,11
2025-05-23,E001,12
2025-05-23,E002,6
2025-05-23,E003,8
2025-05-23,E004,11
2025-05-23,E005,4
2025-05-23,E006,8
2025-05-23,E007,11
2025-05-23,E008,9
2025-05-23,E009,6
2025-05-23,E010,18
2025-05-23,E011,2
2025-05-23,E012,9
2025-05-23,E013,10
2025-05-23,E014,15
2025-05-23,E015,17
2025-05-23,E016,9
2025-05-23,E017,8
2025-05-23,E018,6
2025-05-23,E019,10
2025-05-23,E020,14
2025-05-24,E001,8
2025-05-24,E002,7
2025-05-24,E003,8
2025-05-24,E004,8
2025-05-24,E005,6
2025-05-24,E006,11
2025-05-24,E007,14
2025-05-24,E008,11
2025-05-24,E009,7
2025-05-24,E010,10
2025-05-24,E011,12
2025-05-24,E012,14
2025-05-24,E013,13
2025-05-24,E014,13
2025-05-24,E015,6
2025-05-24,E016,14
2025-05-24,E017,9
2025-05-24,E018,7
2025-05-24,E019,9
2025-05-24,E020,10
2025-05-25,E001,9
2025-05-25,E002,13
2025-05-25,E003,17
2025-05-25,E004,9
2025-05-25,E005,15
2025-05-25,E006,14
2025-05-25,E007,10
2025-05-25,E008,16
2025-05-25,E009,10
2025-05-25,E010,12
2025-05-25,E011,6
2025-05-25,E012,9
2025-05-25,E013,8
2025-05-25,E014,18
2025-05-25,E015,13
2025-05-25,E016,6
2025-05-25,E017,11
2025-05-25,E018,10
2025-05-25,E019,9
2025-05-25,E020,4
2025-05-26,E001,17
2025-05-26,E002,17
2025-05-26,E003,8
2025-05-26,E004,10
2025-05-26,E005,12
2025-05-26,E006,4
2025-05-26,E007,8
2025-05-26,E008,8
2025-05-26,E009,16
2025-05-26,E010,15
2025-05-26,E011,10
2025-05-26,E012,11
2025-05-26,E013,11
2025-05-26,E014,15
2025-05-26,E015,9
2025-05-26,E016,11
2025-05-26,E017,12
2025-05-26,E018,13
2025-05-26,E019,10
2025-05-26,E020,13
2025-05-27,E001,10
2025-05-27,E002,6
2025-05-27,E003,8
2025-05-27,E004,10
2025-05-27,E005,8
2025-05-27,E006,12
2025-05-27,E007,5
2025-05-27,E008,8
2025-05-27,E009,8
2025-05-27,E010,15
2025-05-27,E011,15
2025-05-27,E012,18
2025-05-27,E013,12
2025-05-27,E014,9
2025-05-27,E015,12
2025-05-27,E016,12
2025-05-27,E017,11
2025-05-27,E018,9
2025-05-27,E019,10
2025-05-27,E020,10
2025-05-28,E001,9
2025-05-28,E002,9
2025-05-28,E003,14
2025-05-28,E004,11
2025-05-28,E005,14
2025-05-28,E006,12
2025-05-28,E007,8
2025-05-28,E008,11
2025-05-28,E009,8
2025-05-28,E010,9
2025-05-28,E011,8
2025-05-28,E012,4
2025-05-28,E013,10
2025-05-28,E014,14
2025-05-28,E015,9
2025-05-28,E016,9
2025-05-28,E017,9
2025-05-28,E018,11
2025-05-28,E019,10
2025-05-28,E020,8
2025-05-29,E001,13
2025-05-29,E002,21
2025-05-29,E003,13
2025-05-29,E004,8
2025-05-29,E005,8
2025-05-29,E006,10
2025-05-29,E007,9
2025-05-29,E008,8
2025-05-29,E009,10
2025-05-29,E010,8
2025-05-29,E011,7
2025-05-29,E012,10
2025-05-29,E013,10
2025-05-29,E014,4
2025-05-29,E015,7
2025-05-29,E016,6
2025-05-29,E017,13
2025-05-29,E018,11
2025-05-29,E019,12
2025-05-29,E020,8
2025-05-30,E001,4
2025-05-30,E002,9
2025-05-30,E003,18
2025-05-30,E004,7
2025-05-30,E005,12
2025-05-30,E006,8
2025-05-30,E007,10
2025-05-30,E008,9
2025-05-30,E009,6
2025-05-30,E010,7
2025-05-30,E011,7
2025-05-30,E012,11
2025-05-30,E013,7
2025-05-30,E014,18
2025-05-30,E015,6
2025-05-30,E016,12
2025-05-30,E017,11
2025-05-30,E018,6
2025-05-30,E019,13
2025-05-30,E020,9
